{"name": "10.31-星阅11点客服", "click": "65", "new_append": "5", "recharge_amount": "¥ 0"},
{"name": "10.30-星阅22点客服", "click": "34", "new_append": "1", "recharge_amount": "¥ 0"},
{"name": "10.30-灵锋19点客服", "click": "186", "new_append": "3", "recharge_amount": "¥ 0"},
{"name": "10.30-星阅19点客服", "click": "92", "new_append": "1", "recharge_amount": "¥ 0"},
{"name": "10.30-龙吟11点客服", "click": "65", "new_append": "5", "recharge_amount": "¥ 50.00"},
{"name": "10.30-灵锋11点客服", "click": "359", "new_append": "16", "recharge_amount": "¥ 0"},
{"name": "10.30-九霄11点客服", "click": "141", "new_append": "4", "recharge_amount": "¥ 0"},
{"name": "10.30-七点11点客服", "click": "410", "new_append": "9", "recharge_amount": "¥ 0"},
{"name": "10.30-清风11点客服", "click": "276", "new_append": "9", "recharge_amount": "¥ 0"},
{"name": "10.30-星阅11点客服", "click": "83", "new_append": "9", "recharge_amount": "¥ 30.00"},
{"name": "10.29-龙吟19点客服", "click": "54", "new_append": "1", "recharge_amount": "¥ 0"},
{"name": "10.29-灵锋19点客服", "click": "335", "new_append": "12", "recharge_amount": "¥ 0"},
{"name": "10.29-九霄19点客服", "click": "123", "new_append": "3", "recharge_amount": "¥ 0"},
{"name": "10.29-七点19点客服", "click": "477", "new_append": "17", "recharge_amount": "¥ 30.00"},
{"name": "10.29-清风19点客服", "click": "396", "new_append": "16", "recharge_amount": "¥ 230.00"},
{"name": "10.29-星阅19点客服", "click": "68", "new_append": "3", "recharge_amount": "¥ 0"},
{"name": "10.29-龙吟-11点客服", "click": "47", "new_append": "1", "recharge_amount": "¥ 0"},
{"name": "10.29-灵锋-11点客服", "click": "337", "new_append": "11", "recharge_amount": "¥ 0"},
{"name": "10.29-九霄-11点客服", "click": "109", "new_append": "3", "recharge_amount": "¥ 0"},
{"name": "10.29-七点-11点客服", "click": "219", "new_append": "4", "recharge_amount": "¥ 0"},
{"name": "10.29-清风-11点客服", "click": "198", "new_append": "8", "recharge_amount": "¥ 50.00"},
{"name": "10.29-星阅-11点客服", "click": "42", "new_append": "2", "recharge_amount": "¥ 0"},
{"name": "10.28-藏天22点客服", "click": "584", "new_append": "21", "recharge_amount": "¥ 0"},
{"name": "10.28-九霄22点客服", "click": "634", "new_append": "19", "recharge_amount": "¥ 100.00"},
{"name": "10.28-七点22点客服", "click": "832", "new_append": "35", "recharge_amount": "¥ 0"},
{"name": "10.28-清风22客服", "click": "665", "new_append": "33", "recharge_amount": "¥ 60.00"},
{"name": "10.28-藏天19点客服", "click": "339", "new_append": "10", "recharge_amount": "¥ 50.00"},
{"name": "10.28-九霄19点客服", "click": "292", "new_append": "9", "recharge_amount": "¥ 30.00"},
{"name": "10.28-七点19点客服", "click": "687", "new_append": "28", "recharge_amount": "¥ 90.00"},
{"name": "10.28-清风19点客服", "click": "466", "new_append": "15", "recharge_amount": "¥ 30.00"},
